sondeo,survey,profile_number,order,line_id,point_type,seq,lat,lon,TMI_nT,gradient_nT_per_m
1,Survey1,54,1,S1_P54_O1,start,1,51.7632274,14.336879,49224.41,-495.06
1,Survey1,54,1,S1_P54_O1,end,2,51.7632139,14.3368867,24710.83,-9999.99
1,Survey1,55,2,S1_P55_O2,start,1,51.7632122,14.3368766,24774.65,-9999.99
1,Survey1,55,2,S1_P55_O2,end,2,51.7630066,14.3369276,24561.91,-9999.99
1,Survey1,55,3,S1_P55_O3,start,1,51.7630123,14.3368908,23706.51,-9999.99
1,Survey1,55,3,S1_P55_O3,end,2,51.7632208,14.3368522,18358.29,-9999.99
1,Survey1,55,4,S1_P55_O4,start,1,51.7630069,14.3368874,24359.57,-9999.99
1,Survey1,55,4,S1_P55_O4,end,2,51.7632177,14.336848,24756.28,-9999.99
1,Survey1,55,5,S1_P55_O5,start,1,51.7632151,14.3368131,24617.38,-9999.99
1,Survey1,55,5,S1_P55_O5,end,2,51.7629866,14.3368595,24534.08,-9999.99
1,Survey1,56,6,S1_P56_O6,start,1,51.762994,14.3368595,24665.97,-9999.99
1,Survey1,56,6,S1_P56_O6,end,2,51.763215,14.3368162,24672.53,-9999.99
1,Survey1,57,7,S1_P57_O7,start,1,51.7632046,14.3368144,24677.21,-9999.99
1,Survey1,57,7,S1_P57_O7,end,2,51.7629826,14.3368553,24868.77,-9999.99
1,Survey1,58,8,S1_P58_O8,start,1,51.7629998,14.3368692,24686.65,-9999.99
1,Survey1,58,8,S1_P58_O8,end,2,51.7632177,14.3367944,24741.92,-9999.99
1,Survey1,59,9,S1_P59_O9,start,1,51.7632023,14.3367632,24715.65,-9999.99
1,Survey1,59,9,S1_P59_O9,end,2,51.7629832,14.3368275,24717.36,-9999.99
1,Survey1,60,10,S1_P60_O10,start,1,51.7629843,14.3368318,24759.44,-9999.99
1,Survey1,60,10,S1_P60_O10,end,2,51.7632039,14.3367607,24748.88,-9999.99
1,Survey1,61,11,S1_P61_O11,start,1,51.7631994,14.3367379,24739.71,-9999.99
1,Survey1,61,11,S1_P61_O11,end,2,51.7629801,14.3368043,24526.7,-9999.99
1,Survey1,62,12,S1_P62_O12,start,1,51.7629381,14.3368136,24683.13,-9999.99
1,Survey1,62,12,S1_P62_O12,end,2,51.7631979,14.3367588,24637.5,-9999.99
1,Survey1,63,13,S1_P63_O13,start,1,51.7631903,14.3367358,24730.24,-9999.99
1,Survey1,63,13,S1_P63_O13,end,2,51.7629834,14.3368078,24795.46,-9999.99
1,Survey1,64,14,S1_P64_O14,start,1,51.7629703,14.3368061,24789.41,-9999.99
1,Survey1,64,14,S1_P64_O14,end,2,51.7631875,14.3367248,24705.82,-9999.99
1,Survey1,65,15,S1_P65_O15,start,1,51.7631895,14.3367055,24786.01,-9999.99
1,Survey1,65,15,S1_P65_O15,end,2,51.7629808,14.3367781,24781.27,-9999.99
1,Survey1,66,16,S1_P66_O16,start,1,51.7629597,14.336765,24779.63,-9999.99
1,Survey1,66,16,S1_P66_O16,end,2,51.7631774,14.3366926,24604.56,-9999.99
1,Survey1,67,17,S1_P67_O17,start,1,51.7631653,14.3366739,24701.5,-9999.99
1,Survey1,67,17,S1_P67_O17,end,2,51.762973,14.3367425,24799.71,-9999.99
1,Survey1,68,18,S1_P68_O18,start,1,51.7629667,14.3367315,24720.74,-9999.99
1,Survey1,68,18,S1_P68_O18,end,2,51.7631848,14.3366429,21956.05,-9999.99
1,Survey1,69,19,S1_P69_O19,start,1,51.7631778,14.3366247,17637.95,-9999.99
1,Survey1,69,19,S1_P69_O19,end,2,51.7629557,14.3367096,17781.08,-9999.99
1,Survey1,70,20,S1_P70_O20,start,1,51.7629618,14.3367078,17738.9,-9999.99
1,Survey1,70,20,S1_P70_O20,end,2,51.7631736,14.3366271,17746.76,-9999.99
1,Survey1,71,21,S1_P71_O21,start,1,51.7631718,14.3366099,17652.75,-9999.99
1,Survey1,71,21,S1_P71_O21,end,2,51.7629562,14.3366918,17637.28,-9999.99
1,Survey1,72,22,S1_P72_O22,start,1,51.7629649,14.3366812,17619.72,-9999.99
1,Survey1,72,22,S1_P72_O22,end,2,51.7631677,14.3366002,17778.06,-9999.99
1,Survey1,73,23,S1_P73_O23,start,1,51.7631577,14.3365861,17621.46,-9999.99
1,Survey1,73,23,S1_P73_O23,end,2,51.762947,14.3366713,17589.29,-9999.99
1,Survey1,74,24,S1_P74_O24,start,1,51.7629524,14.336666,17768.74,-9999.99
1,Survey1,74,24,S1_P74_O24,end,2,51.7631683,14.3365705,17624.85,-9999.99
1,Survey1,75,25,S1_P75_O25,start,1,51.763154,14.3365564,17690.93,-9999.99
1,Survey1,75,25,S1_P75_O25,end,2,51.762943,14.3366467,17730.73,-9999.99
1,Survey1,76,26,S1_P76_O26,start,1,51.7629446,14.3366471,17753.29,-9999.99
1,Survey1,76,26,S1_P76_O26,end,2,51.763157,14.3365555,17756.63,-9999.99
1,Survey1,77,27,S1_P77_O27,start,1,51.7631503,14.3365346,17773.54,-9999.99
1,Survey1,77,27,S1_P77_O27,end,2,51.7629414,14.3366192,17698.49,-9999.99
1,Survey1,78,28,S1_P78_O28,start,1,51.7629422,14.3366267,17714.52,-9999.99
1,Survey1,78,28,S1_P78_O28,end,2,51.7631505,14.336537,17625.48,-9999.99
1,Survey1,79,29,S1_P79_O29,start,1,51.7631414,14.3365121,17631.12,-9999.99
1,Survey1,79,29,S1_P79_O29,end,2,51.7629281,14.3366024,17700.81,-9999.99
1,Survey1,80,30,S1_P80_O30,start,1,51.7629337,14.3365944,17624.31,-9999.99
1,Survey1,80,30,S1_P80_O30,end,2,51.7631493,14.3364941,17630.62,-9999.99
1,Survey1,81,31,S1_P81_O31,start,1,51.7631354,14.3364814,17649.14,-9999.99
1,Survey1,81,31,S1_P81_O31,end,2,51.7629305,14.3365677,17589.87,-9999.99
1,Survey1,82,32,S1_P82_O32,start,1,51.7629342,14.3365633,17628.96,-9999.99
1,Survey1,82,32,S1_P82_O32,end,2,51.7631459,14.3364629,17674.43,-9999.99
2,Survey2,82,1,S2_P82_O1,start,1,51.7631636,14.3365546,48766.67,-1116.46
2,Survey2,82,1,S2_P82_O1,end,2,51.7630369,14.3366098,49427.74,-67.8
2,Survey2,83,2,S2_P83_O2,start,1,51.7630433,14.3366256,49599.86,-62.96
2,Survey2,83,2,S2_P83_O2,end,2,51.763165,14.3365667,49114.34,-169.3
2,Survey2,84,3,S2_P84_O3,start,1,51.7631576,14.3365704,49185.39,-250.02
2,Survey2,84,3,S2_P84_O3,end,2,51.7630406,14.3366107,49368.64,-67.06
3,Survey3,84,1,S3_P84_O1,start,1,51.7631498,14.3364617,48973.74,-371.18
3,Survey3,84,1,S3_P84_O1,end,2,51.7631515,14.3364608,48919.13,-376.56
3,Survey3,85,2,S3_P85_O2,start,1,51.7631494,14.3364564,49197.63,-356.4
3,Survey3,85,2,S3_P85_O2,end,2,51.7630758,14.3360537,17598.04,-9999.99
